"pad_id","source","install_date"
1,"aerial","=""NA"""
2,"aerial","=""NA"""
3,"aerial","=""NA"""
4,"aerial","=""NA"""
5,"aerial","=""NA"""
6,"aerial","=""NA"""
7,"aerial","=""NA"""
8,"aerial","=""NA"""
9,"aerial","=""NA"""
10,"aerial","=""NA"""
11,"aerial","=""NA"""
12,"aerial","=""NA"""
13,"aerial","=""NA"""
14,"aerial","=""NA"""
15,"aerial","=""NA"""
16,"aerial","=""NA"""
17,"aerial","=""NA"""
18,"aerial","=""NA"""
19,"aerial","=""NA"""
20,"aerial","=""NA"""
21,"aerial","=""NA"""
22,"aerial","=""NA"""
23,"aerial","=""NA"""
24,"aerial","=""NA"""
25,"aerial","=""NA"""
26,"aerial","=""NA"""
27,"aerial","=""NA"""
28,"aerial","=""NA"""
29,"aerial","=""NA"""
30,"aerial","=""NA"""
31,"aerial","=""NA"""
32,"aerial","=""NA"""
33,"aerial","=""NA"""
34,"aerial","=""NA"""
35,"aerial","=""NA"""
36,"aerial","=""NA"""
37,"aerial","=""NA"""
38,"aerial","=""NA"""
39,"aerial","=""NA"""
40,"aerial","=""NA"""
41,"aerial","=""NA"""
42,"aerial","=""NA"""
43,"aerial","=""NA"""
44,"aerial","=""NA"""
45,"aerial","=""NA"""
46,"aerial","=""NA"""
47,"aerial","=""NA"""
48,"aerial","=""NA"""
49,"aerial","=""NA"""
50,"aerial","=""NA"""
51,"aerial","=""NA"""
52,"aerial","=""NA"""
53,"aerial","=""NA"""
54,"aerial","=""NA"""
55,"aerial","=""NA"""
56,"aerial","=""NA"""
57,"aerial","=""NA"""
58,"aerial","=""NA"""
59,"aerial","=""NA"""
60,"aerial","=""NA"""
61,"aerial","=""NA"""
62,"aerial","=""NA"""
63,"aerial","=""NA"""
64,"aerial","=""NA"""
65,"aerial","=""NA"""
66,"aerial","=""NA"""
67,"aerial","=""NA"""
68,"aerial","=""NA"""
69,"aerial","=""NA"""
70,"aerial","=""NA"""
71,"aerial","=""NA"""
72,"aerial","=""NA"""
73,"aerial","=""NA"""
74,"aerial","=""NA"""
75,"aerial","=""NA"""
76,"aerial","=""NA"""
77,"aerial","=""NA"""
78,"aerial","=""NA"""
79,"aerial","=""NA"""
80,"aerial","=""NA"""
81,"aerial","=""NA"""
82,"aerial","=""NA"""
83,"aerial","=""NA"""
84,"aerial","=""NA"""
85,"aerial","=""NA"""
86,"aerial","=""NA"""
87,"aerial","=""NA"""
88,"aerial","=""NA"""
89,"aerial","=""NA"""
90,"aerial","=""NA"""
91,"aerial","=""NA"""
92,"aerial","=""NA"""
93,"aerial","=""NA"""
94,"aerial","=""NA"""
95,"aerial","=""NA"""
96,"aerial","=""NA"""
97,"aerial","=""NA"""
98,"aerial","=""NA"""
99,"aerial","=""NA"""
100,"aerial","=""NA"""
101,"psna","=""04-14"""
102,"psna","=""04-14"""
103,"psna","=""04-14"""
104,"psna","=""04-14"""
105,"psna","=""04-14"""
106,"psna","=""04-14"""
107,"psna","=""04-14"""
108,"psna","=""04-14"""
109,"psna","=""04-14"""
110,"psna","=""04-14"""
111,"psna","=""04-14"""
112,"psna","=""04-14"""
113,"psna","=""04-14"""
114,"psna","=""04-14"""
115,"psna","=""04-14"""
116,"psna","=""04-14"""
117,"psna","=""04-14"""
118,"psna","=""04-14"""
119,"psna","=""04-14"""
120,"psna","=""04-14"""
121,"psna","=""04-14"""
122,"psna","=""04-14"""
123,"psna","=""04-14"""
124,"psna","=""04-14"""
125,"psna","=""04-14"""
126,"psna","=""04-14"""
127,"psna","=""04-14"""
128,"psna","=""04-14"""
129,"psna","=""04-14"""
130,"psna","=""04-14"""
131,"psna","=""04-14"""
132,"psna","=""04-14"""
133,"psna","=""04-14"""
134,"psna","=""04-14"""
135,"psna","=""04-03"""
136,"psna","=""04-14"""
137,"psna","=""04-14"""
138,"psna","=""04-14"""
139,"psna","=""04-14"""
140,"psna","=""04-14"""
141,"psna","=""04-14"""
142,"psna","=""04-14"""
143,"psna","=""04-14"""
144,"psna","=""04-14"""
145,"psna","=""04-14"""
146,"psna","=""04-14"""
147,"psna","=""04-14"""
148,"psna","=""04-14"""
149,"psna","=""04-14"""
150,"psna","=""04-14"""
151,"psnb","=""01-01"""
152,"psnb","=""07-12"""
153,"psnb","=""07-24"""
154,"psnb","=""01-01"""
155,"psnb","=""07-18"""
156,"psnb","=""07-28"""
157,"psnb","=""01-01"""
158,"psnb","=""07-09"""
159,"psnb","=""01-03"""
160,"psnb","=""01-01"""
161,"psnb","=""01-01"""
162,"psnb","=""09-30"""
163,"psnb","=""01-01"""
164,"psnb","=""09-11"""
165,"psnb","=""09-27"""
166,"psnb","=""08-31"""
167,"psnb","=""01-01"""
168,"psnb","=""09-16"""
169,"psnb","=""01-01"""
170,"psnb","=""01-01"""
171,"psnb","=""01-01"""
172,"psnb","=""09-25"""
173,"psnb","=""07-22"""
174,"psnb","=""09-14"""
175,"psnb","=""10-03"""
176,"psnb","=""01-01"""
177,"psnb","=""08-03"""
178,"psnb","=""07-23"""
179,"psnb","=""01-01"""
180,"psnb","=""09-02"""
181,"psnb","=""01-01"""
182,"psnb","=""09-18"""
183,"psnb","=""06-23"""
184,"psnb","=""07-31"""
185,"psnb","=""08-20"""
186,"psnb","=""06-23"""
187,"psnb","=""08-06"""
188,"psnb","=""08-15"""
189,"psnb","=""08-08"""
190,"psnb","=""01-01"""
191,"psnb","=""08-28"""
192,"psnb","=""09-13"""
193,"psnb","=""01-01"""
194,"psnb","=""09-17"""
195,"psnb","=""08-01"""
196,"psnb","=""08-31"""
197,"psnb","=""01-01"""
198,"psnb","=""09-14"""
199,"psnb","=""07-25"""
200,"psnb","=""09-22"""
